product_name,product_image,product_rating,no_of_review,min_price,max_price,price,currency
"Lenovo Legion 5 Gaming Laptop, 15.6"" FHD 165Hz Display, AMD Ryzen 7 5800H, GeForce RTX 3050Ti, 32GB RAM, 1TB NVMe PCIe SSD, RGB Backlit Keyboard, Wireless-AX, DP, HDMI, Windows 11 Home",https://m.media-amazon.com/images/I/81PJkpKYppL._AC_UY218_.jpg,,,1149.99,1149.99,1149.99,USD
"2022 Lenovo Legion Gaming Laptop, 17.3"" FHD IPS Diaplay, AMD Ryzen 5 5600H 6-Core Processor (Beats i7-10850H), GeForce GTX 1650 Graphics, 32GB RAM, 1TB SSD, Backlit Keyboard, Wi-Fi 6, Windows 11",https://m.media-amazon.com/images/I/71jx6w2AscL._AC_UY218_.jpg,4.0,5.0,989.99,989.99,989.99,USD
"Lenovo - Legion 5 - Gaming Laptop - AMD Ryzen 7 5800H - 16GB RAM - 512GB Storage - NVIDIA GeForce RTX 3050Ti - 15.6"" FHD Display - Windows 11 Home - Phantom Blue",https://m.media-amazon.com/images/I/81PbOX7ZtaL._AC_UY218_.jpg,4.6,277.0,1099.99,1099.99,1099.99,USD
"Lenovo Legion 5 15.6"" 165Hz Gaming Laptop AMD Ryzen 7-5800H 16GB RAM 1TB SSD RTX 3050 Ti 4GB GDDR6",https://m.media-amazon.com/images/I/41TH11FsJDL._AC_UY218_.jpg,5.0,1.0,1169.99,1169.99,1169.99,USD
"Lenovo Legion 5 15.6"" 165Hz Gaming Laptop AMD Ryzen 7-5800H 16GB RAM 512GB SSD RTX 3060 6GB GDDR6 TGP 130W Phantom Blue",https://m.media-amazon.com/images/I/41AaW7sJ5bL._AC_UY218_.jpg,4.6,32.0,,,,USD
"Lenovo Legion 5 Gaming Laptop, 15.6"" FHD 165Hz Display, AMD Ryzen 7 5800H, GeForce RTX 3050Ti, 32GB RAM, 1TB NVMe PCIe SSD, RGB Backlit Keyboard, Wireless-AX, DP, HDMI, Windows 11 Home",https://m.media-amazon.com/images/I/81PJkpKYppL._AC_UY218_.jpg,,,1149.99,1149.99,1149.99,USD
"Lenovo Legion 5 Pro 16"" 165Hz QHD IPS NVIDIA G-Sync 500 nits Gaming Laptop AMD Ryzen 7-5800H 16GB RAM 1TB SSD RTX 3070 8GB GDDR6 TGP 130W",https://m.media-amazon.com/images/I/71n8ZFZKzPL._AC_UY218_.jpg,4.6,46.0,1525.0,1525.0,1525.0,USD
"Lenovo Legion 5 15.6"" 165Hz FHD Gaming Laptop, AMD 8-Core Ryzen 7-5800H，GeForce RTX 3070 8GB (TGP 130W), USB-C，Win11 Home，with HDMI Cable (32GB RAM | 1TB PCIe SSD)",https://m.media-amazon.com/images/I/61wUd0cON2L._AC_UY218_.jpg,,,1639.9,1639.9,1639.9,USD
"Lenovo Legion 5 Gaming Laptop, 15.6"" FHD (1920x1080) IPS Screen, AMD Ryzen 7 4800H Processor, 16GB DDR4, 512GB SSD, NVIDIA GTX 1660Ti, Windows 10, 82B1000AUS, Phantom Black",https://m.media-amazon.com/images/I/61ZWPLVZLHL._AC_UY218_.jpg,4.6,2143.0,1295.0,1295.0,1295.0,USD
"Lenovo - Legion 5 - Gaming Laptop - 15.6"" FHD - AMD Ryzen 5 5600H - 8GB DDR4 RAM - 512GB NVMe TLC SSD - NVIDIA GeForce RTX 3050 Ti Graphics - Windows 11 Home - Phantom Blue",https://m.media-amazon.com/images/I/71fUOX30BdL._AC_UY218_.jpg,5.0,1.0,1009.99,1009.99,1009.99,USD
"New Lenovo Legion 5 Charger,230W AC Adapter for Lenovo Legion 5 7 5P C7 S7 Y540 Y545 Y740 Y730 Y900 Y910 Y920 Y7000 4X20E75111 GX20L29347 ADL230NDC3A ADL230NLC3A Thinkpad P73 P53 P72 P52 P71 P51 P70",https://m.media-amazon.com/images/I/61v0lh7ePbL._AC_UY218_.jpg,5.0,4.0,68.98,68.98,68.98,USD
"Lenovo Legion 5 17.3"" 144Hz Gaming Laptop AMD Ryzen 7-5800H 16GB RAM 256GB SSD RTX 3060 6GB GDDR6 TGP 130W",https://m.media-amazon.com/images/I/31kggUS9k7L._AC_UY218_.jpg,4.4,12.0,1249.99,1249.99,1249.99,USD
"Lenovo Legion 5 Gaming Laptop, AMD Ryzen 5 5600H (Beats i7-10750H), 4.2GHz, 17.3"" FHD IPS 144Hz, GeForce RTX 3060(130W), Wi-Fi 6, Webcam, Backlit KB, USB-C, w/32GB SD (32GB RAM | 1TB PCIe SSD)",https://m.media-amazon.com/images/I/41Fh+lzx64L._AC_UY218_.jpg,5.0,1.0,1309.9,1309.9,1309.9,USD
"Lenovo Legion 5 17ITH6H 82JM0024US 17.3"" Gaming Notebook - Full HD - 1920 x 1080 - Intel Core i7 11th Gen i7-11800H Octa-core (8 Core) 2.30 GHz - 16 GB RAM - 512 GB SSD - Phantom Blue, Shadow Black",https://m.media-amazon.com/images/I/71dFu8chfhL._AC_UY218_.jpg,5.0,5.0,1369.0,1369.0,1369.0,USD
"Lenovo Legion 5 17.3"" FHD Gaming Laptop, AMD Ryzen 5 5600H(up to 4.2GHz), 16GB RAM 1TB NVMe SSD, GeForce GTX 1650, Windows 11",https://m.media-amazon.com/images/I/41fsa-4oYhL._AC_UY218_.jpg,4.6,30.0,969.99,969.99,969.99,USD
"Lenovo V15 G2 ALC 82KD004KUS 15.6"" Notebook - Full HD - 1920 x 1080 - AMD Ryzen 5 5500U Hexa-core (6 Core) 2.10 GHz - 8 GB RAM - 256 GB SSD - Black - AMD SoC - Windows 10 Pro - AMD Radeon Graphic",https://m.media-amazon.com/images/I/41ahznK8rtL._AC_UY218_.jpg,,,629.99,629.99,629.99,USD
"Lenovo Legion 5 Gaming Laptop, 17.3"" FHD IPS 144Hz, AMD Ryzen 5 5600H (Beats i7-10750H), 4.2GHz, GeForce RTX 3060(130W), Wi-Fi 6, Webcam, Backlit KB, USB-C, w/Accessories (32GB RAM | 1TB PCIe SSD)",https://m.media-amazon.com/images/I/51JCZ51rVbL._AC_UY218_.jpg,5.0,1.0,1309.0,1309.0,1309.0,USD
"Lenovo Legion 5 Gaming Laptop, 17.3” FHD (1920 x 1080) Display, AMD Ryzen 5 5600H Processor, 32GB RAM, 1TB SSD, NVIDIA GeForce GTX 1650, Backlit Keyboard, Windows 11 Home",https://m.media-amazon.com/images/I/71QiVfkReyL._AC_UY218_.jpg,5.0,4.0,1079.0,1079.0,1079.0,USD
"2022 Newest Lenovo Legion 5 Gaming Laptop, 15.6"" FHD Display, Intel 8-Core i7-11800H(Beat AMD Ryzen 7 5800H), NVIDIA GeForce RTX 3050Ti, Windows 11H, Phantom Blue (16GB RAM | 1TB SSD)",https://m.media-amazon.com/images/I/51goZ+4jbfL._AC_UY218_.jpg,1.6,3.0,999.99,999.99,999.99,USD
"Lenovo Legion 5 15 Gaming Laptop, 15.6"" FHD 165Hz Display, AMD Ryzen 7 5800H,NVIDIA GeForce RTX 3050Ti,RGB Backlight, 32GB RAM, 1TB PCIe SSD, Windows 11H /ES 32GB USB",https://m.media-amazon.com/images/I/717f5biEgPL._AC_UY218_.jpg,4.2,26.0,1299.0,1299.0,1299.0,USD
ThinkPad T14 G1 Core i7/10510U/1.8GHz 16384/512 WNICb 14TFT W10P,https://m.media-amazon.com/images/I/41hnJ-n8ZTL._AC_UY218_.jpg,3.5,2.0,1249.0,1249.0,1249.0,USD
230W Legion Laptop AC Charger Fit for Lenovo Legion 5 7 5P C7 S7 Y540 Y545 Y740 Y730 Y900 Y910 Y920 Y7000 4X20E75111 GX20L29347 ADL230NDC3A ADL230NLC3A Laptop Adapter Power Supply Cord,https://m.media-amazon.com/images/I/61fK6wcz23L._AC_UY218_.jpg,,,70.77,70.77,70.77,USD
"2022 Lenovo Legion 5 Gaming 15.6"" FHD 165Hz Laptop Computer, AMD R7-5800H (Beats i7-10750H), 32GB RAM, 2TB PCIe SSD, Backlit Keyboard, GeForce RTX 3060 Graphics, HD Webcam, Win 11, 32GB USB Card",https://m.media-amazon.com/images/I/51ZH3hNBcpL._AC_UL320_.jpg,4.6,2143.0,1799.0,1799.0,1799.0,USD
"Lenovo IdeaPad 3 Business 15 Laptop Computer 15.6"" HD Touchscreen 10th Gen Intel Quad-Core i5-10210U (Beats i7-8550U) 20GB RAM 512GB SSD Dolby Webcam Win 10 Blue + HDMI Cable",https://m.media-amazon.com/images/I/71fLlCy-J8S._AC_UL320_.jpg,4.3,137.0,749.0,749.0,749.0,USD
"2022 Newest ASUS TUF Dash Premium Gaming Laptop: 15.6"" FHD 144Hz IPS Display, Intel Gaming H Core H 8-Core i7-11370H, 32GB RAM, 2TB SSD, 4GB GeForce RTX 3050Ti, Wifi6, Backlit-KYB, DTS, Win10H, TF",https://m.media-amazon.com/images/I/71R+xQOc-8L._AC_UL320_.jpg,4.6,243.0,1599.0,1599.0,1599.0,USD
"2021 ASUS ROG Strix G17 17.3"" FHD 144Hz Gaming Laptop Computer, AMD Ryzen 7-4800H 8-core, 8GB RAM, 512GB PCIe SSD, Backlit Keyboard, Nvidia GeForce RTX 3060, Dolby Audio, Win 10, Gray, 32GB USB Card",https://m.media-amazon.com/images/I/613a882X60L._AC_UL320_.jpg,4.3,156.0,1469.0,1469.0,1469.0,USD
"Lenovo IdeaPad 3 15 15.6"" Touchscreen Windows 10 Pro S Business Laptop, Intel Core i3-1115G4 (Beat i5-8365U), 12GB DDR4 RAM, 256GB PCIe SSD, 802.11AC WiFi, Bluetooth 5.0, Almond, 64GB Flash Stylus",https://m.media-amazon.com/images/I/81RyZ96jH4L._AC_UL320_.jpg,4.5,119.0,619.0,619.0,619.0,USD
"Dell Inspiron 7610 16 Inch Business and Student Laptop - 3K (3072x1920) Display, Intel Core i7-11800H, 16GB DDR4 RAM, 512GB SSD, NVIDIA GeForce RTX 3050 4GB GDDR6, Windows 11 Pro - Mist Blue",https://m.media-amazon.com/images/I/61mE1Le8ceL._AC_UL640_QL65_.jpg,4.0,15.0,1699.0,1699.0,1699.0,USD
"Dell XPS 17 9710, 17 inch FHD+ Laptop - Intel Core i7-11800H,16GB DDR4 RAM, 1TB SSD, NVIDIA GeForce RTX 3050 4GB GDDR6, Windows 11  Home + 1  Year Premium Support  - Platinum Silver",https://m.media-amazon.com/images/I/71c3q3CQItL._AC_UL640_QL65_.jpg,3.8,38.0,,,,USD
"2022 Lenovo Legion Gaming Laptop, 17.3"" FHD IPS Diaplay, AMD Ryzen 5 5600H 6-Core Processor (Beats i7-10850H), GeForce GTX 1650 Graphics, 16GB RAM, 1TB SSD, Backlit Keyboard, Wi-Fi 6, Windows 11",https://m.media-amazon.com/images/I/71jx6w2AscL._AC_UY218_.jpg,4.0,5.0,899.99,899.99,899.99,USD
"MSI GF65 15.6"" 144hz Gaming Laptop - Intel Core i5-10500H NVIDIA GeForce RTX3060 Laptop GPU, Backlit Keyboard, Wi-Fi 6 Windows10. (8GB RAM|512GB PCIe SSD)",https://m.media-amazon.com/images/I/71EHB8+2j9L._AC_UY218_.jpg,4.0,7.0,924.66,924.66,924.66,USD
"2021 Lenovo Legion 5 Gen 6 Gaming Laptop, AMD Ryzen 7 5800H, 17.3"" FHD IPS 144Hz Display, NVIDIA GeForce RTX 3070(TGP 130W), Dolby Vision, Type-C, Win 10 Free Upto 11 (32GB RAM | 1TB PCIe SSD)",https://m.media-amazon.com/images/I/61r8Y641Z5L._AC_UY218_.jpg,,,1799.9,1799.9,1799.9,USD
"Lenovo Legion 5 Gaming Laptop, 15.6"" FHD, 120 HZ, Intel Core i7-10750H Processor, 8GB DDR4, 512GB SSD, NVIDIA GTX 1650Ti, Windows 10, 82AU00CGUS",https://m.media-amazon.com/images/I/71wPCIj9tEL._AC_UY218_.jpg,4.5,63.0,919.0,919.0,919.0,USD
"Lenovo Legion 5 Pro Gen 6 AMD Gaming Laptop, 16.0"" QHD IPS 165Hz, Ryzen 7 5800H, GeForce RTX 3070 8GB, TGP 140W, Win 10 Home (32GB RAM | 2TB PCIE SSD)",https://m.media-amazon.com/images/I/51q-Nda9-VL._AC_UY218_.jpg,4.4,7.0,1989.99,1989.99,1989.99,USD
"Lenovo Legion 5 Gaming Laptop, 15.6"" FHD Display, AMD Ryzen 7 5800H, 16GB RAM, 512GB Storage, NVIDIA GeForce RTX 3050Ti, Windows 10H, Phantom Blue",https://m.media-amazon.com/images/I/71fzx0pGY5L._AC_UY218_.jpg,4.6,1201.0,1099.0,1099.0,1099.0,USD
"Lenovo Legion 5 Gaming Laptop, 15.6"" FHD IPS Display, AMD Ryzen 5 4600H, Webcam, Backlit Keyboard, Wi-Fi 6, USB-C, HDMI, GeForce GTX 1650 Ti, Windows 10 Home, 8GB Memory, 256GB PCIe SSD + 1TB HDD",https://m.media-amazon.com/images/I/41VG3dvLDzL._AC_UY218_.jpg,4.6,62.0,789.0,789.0,789.0,USD
"Lenovo Legion 5 15.6"" Gaming Laptop 165Hz AMD Ryzen 5800H 16GB RAM 2TB SSD RTX 3070 8GB GDDR6 - AMD Ryzen 7 5800H Octa-core - NVIDIA GeForce RTX 3070 8GB GDDR6 - in-Plane Switching (IPS) Technolo",https://m.media-amazon.com/images/I/51WZCMh-yCL._AC_UY218_.jpg,,,1576.83,1576.83,1576.83,USD
"2021 Lenovo Legion 5 15.6"" FHD IPS Anti-Glare Gaming Laptop, AMD 6-Core Ryzen 5 4600H, 8GB DDR4, 256GB NVMe SSD + 1TB HDD, NVIDIA GTX 1650Ti 4GB GDDR6, Webcam, Backlit Keyboard, WiFi, BT, Windows 10",https://m.media-amazon.com/images/I/51FtjZikMqS._AC_UY218_.jpg,4.4,45.0,784.99,784.99,784.99,USD
"2022 Newest Lenovo Legion 5 Gaming Laptop, 15.6"" FHD Display, Intel 8-Core i7-11800H(Beat AMD Ryzen 7 5800H), NVIDIA GeForce RTX 3050Ti, Windows 11H, Phantom Blue (32GB RAM | 1TB SSD)",https://m.media-amazon.com/images/I/51goZ+4jbfL._AC_UY218_.jpg,5.0,1.0,1443.87,1443.87,1443.87,USD
New Replacement Lenovo 230W AC Adapter for Lenovo Legion 5 Charger，Lenovo Ideapad Legion Y920 Y910 Y900 Y740 Y730 Y7000 Y545 Y540 Lenovo Thinkpad P73 P53 P72 P52 P71 P51 P70 P50 Yoga A940 4X20E75111,https://m.media-amazon.com/images/I/61Yb7aAemAL._AC_UY218_.jpg,3.8,12.0,69.99,69.99,69.99,USD
"230W AC Adapter Fit for Lenovo Legion 5 Charger,Lenovo Ideapad Legion Y920 Y910 Y900 Y740 Y730 Y7000 Y545 Y540 Thinkpad P73 P53 P72 P52 P71 P51 P70 P50 Yoga A940 4X20E75111",https://m.media-amazon.com/images/I/61TDYA0rhIL._AC_UY218_.jpg,4.8,6.0,70.77,70.77,70.77,USD
"Lenovo Legion 5 Gaming Laptop, 17.3” FHD (1920 x 1080) Display, AMD Ryzen 5 5600H Processor, 8GB DDR4 Ram, 256GB SSD Storage, NVIDIA GeForce GTX 1650, Windows 11 Home, Phantom Blue, 32GB Lumege Flash",https://m.media-amazon.com/images/I/61f8ugUYqsL._AC_UY218_.jpg,3.0,2.0,,,,USD
"2022 Lenovo Legion 5 17.3"" FHD Gaming Laptop Computer, AMD Ryzen 5-5600H (Beats i7-9750H), 8GB RAM, 256GB PCIe SSD, NVIDIA GeForce GTX 1650 Graphics, Nahimic 3D Audio, Win 11, Black, 32GB USB Card",https://m.media-amazon.com/images/I/51Fe3H+mmRL._AC_UY218_.jpg,4.5,73.0,880.02,880.02,880.02,USD
"Newest Lenovo Legion 5 Pro Gen 6 Gaming Laptop | 8-core AMD Ryzen 7 5800H | 16.0"" QHD (2560x1600) IPS 165Hz Display | GeForce RTX 3070(140W) | Type-C | w/ 32GB SD Card (32GB RAM | 1TB PCIe SSD)",https://m.media-amazon.com/images/I/71b-uyA15VL._AC_UY218_.jpg,,,1817.36,1817.36,1817.36,USD
"2021 Lenovo Legion 5 Pro: Ryzen 7 5800H, NVidia RTX 3070, 16"" QHD (2560x1600) IPS 165Hz Display, 16GB RAM, 512GB SSD",https://m.media-amazon.com/images/I/51nwj3aTX5L._AC_UY218_.jpg,4.5,2.0,1649.0,1649.0,1649.0,USD
"Lenovo Legion 5 Pro Gen 6 AMD Gaming Laptop, 16.0"" QHD IPS 165Hz, Ryzen 7 5800H, GeForce RTX 3070 8GB, TGP 140W, Win 10 Home, 32GB RAM | 1TB PCIe SSD,Woov HDMI Cable Bundle",https://m.media-amazon.com/images/I/512l6KpejNS._AC_UY218_.jpg,3.7,7.0,1859.9,1859.9,1859.9,USD
"2022 Newest Lenovo Legion 5 pro Gaming Laptop, 16"" 165Hz QHD IPS Display, AMD Ryzen 7 5800H (8 Core) 3.20 GHz, NVIDIA GeForce RTX 3060 6GB GDDR6, Windows 11H, Storm Gray (32GB RAM | 1TB NVMe, RTX3060)",https://m.media-amazon.com/images/I/51JVElycEbL._AC_UY218_.jpg,,,1582.73,1582.73,1582.73,USD
"Lenovo Legion 5 Pro Gen 6 AMD Gaming Laptop, 16.0"" QHD IPS 165Hz, Ryzen 7 5800H, GeForce RTX 3060 6GB, TGP 130W, Win 10 Home, 32GB RAM | 2TB PCIe SSD, HDMI Cable Bundle",https://m.media-amazon.com/images/I/51AcvnP+Q2S._AC_UY218_.jpg,4.3,11.0,1751.12,1751.12,1751.12,USD
"Lenovo IdeaPad Gaming 3 15 Laptop, 15.6"" FHD Display, AMD Ryzen 5 5600H, NVIDIA GeForce GTX 1650, 8GB RAM, 256GB Storage, Windows 10H",https://m.media-amazon.com/images/I/71lNj3046jL._AC_UY218_.jpg,4.6,957.0,699.99,699.99,699.99,USD
"HotTopStar 20V 11.5A 230W AC Adapter Replacement Lenovo Laptop Charger for Lenovo Legion 5 Charger, for Legion 5 5i 5P Y540 Y545 Y730 Y740 Thinkpad P73 P72 P71 P70 P53 P52 P51 P50 4X20E75111",https://m.media-amazon.com/images/I/61NTJKlsdSS._AC_UY218_.jpg,,,72.99,72.99,72.99,USD
"NIDOO 17.3 Inch Laptop Sleeve Bag Notebook Carrying Handbag Computer Case Compatible with 17.3"" HP Gaming Pavilion 17 / Lenovo Legion 5 Gen 6 Y540 / Acer Chromebook 317 / Dell Inspiron 17 / G7 17",https://m.media-amazon.com/images/I/915+2oV8o7L._AC_UY218_.jpg,4.7,1897.0,18.99,18.99,18.99,USD
"2022 Lenovo Legion 5 Gaming 15.6"" FHD 165Hz Laptop Computer, AMD R7-5800H (Beats i7-10750H), 16GB RAM, 512GB PCIe SSD, Backlit Keyboard, GeForce RTX 3060 Graphics, Windows 11, 32GB USB Card",https://m.media-amazon.com/images/I/511wMuadmIL._AC_UL320_.jpg,4.6,2143.0,1449.0,1449.0,1449.0,USD
"Lenovo IdeaPad 3 15 15.6"" Touchscreen Windows 10 Pro S Business Laptop, Intel Core i3-1115G4 (Beat i5-8365U), 12GB DDR4 RAM, 512GB PCIe SSD, 802.11AC WiFi, Bluetooth 5.0, Almond, 64GB Flash Stylus",https://m.media-amazon.com/images/I/81RyZ96jH4L._AC_UL320_.jpg,4.5,119.0,669.0,669.0,669.0,USD
"2021 ASUS ROG Strix G17 17.3"" FHD 144Hz Gaming Laptop Computer, AMD Ryzen 7-4800H 8-core, 64GB RAM, 2TB PCIe SSD, Backlit Keyboard, NVIDIA GeForce RTX 3060 Graphics, Windows 10, Gray, 32GB USB Card",https://m.media-amazon.com/images/I/61YWSd07WVL._AC_UL320_.jpg,4.3,156.0,1899.0,1899.0,1899.0,USD
"[Windows 11 Pro] HP 15 15.6"" FHD Business Laptop, Hexa-Core AMD Ryzen 5 5500U (Beat i5-1135G7), 8GB DDR4 RAM, 256GB PCIe SSD, 802.11AC WiFi, Bluetooth 4.2, HDMI, Type-C, Spruce Blue, 64GB Flash Drive",https://m.media-amazon.com/images/I/71SKaCX3H0L._AC_UL320_.jpg,4.4,160.0,619.0,619.0,619.0,USD
"ASUS VivoBook 15 Laptop 15.6"" FHD Touchscreen, Intel Core i3-1115G4 (Beat i5-845U), 20GB DDR4 RAM, 2TB PCIe SSD, 802.11AC WiFi, Backlit KB, Fingerprint Reader, Gray, Windows 10 S, 64GB Flash Drive",https://m.media-amazon.com/images/I/71H3UOsBKvL._AC_UL320_.jpg,4.4,113.0,779.0,779.0,779.0,USD
"Lenovo IdeaPad 1 Laptop, 14.0"" HD Display, Intel Celeron N4020, 4GB RAM, 64GB Storage, Intel UHD Graphics 600, Windows 11 in S Mode, Ice Blue",https://m.media-amazon.com/images/I/71hhgeQCrOL._AC_UL640_QL65_.jpg,4.3,803.0,264.0,264.0,264.0,USD
"TECLAST 15.6 Inch Laptop Computer, 1920x1080 IPS Display, 8GB RAM 256GB SSD Windows 10 Laptop, Intel N4120 Quad-Core Processor Notebook PC, Support WiFi, Bluetooth, Numpad, Fast Charge, HDMI",https://m.media-amazon.com/images/I/91crN8K4G1L._AC_UL640_QL65_.jpg,4.0,56.0,349.99,349.99,349.99,USD
"Laptop Stands, SweeHo Portable Foldable Laptop Holder, Ergonomic Laptop Stand Adjustable Height 6 Angles , Aluminum Alloy MacBook Stand for Desk, Best Gifts for Valentine's Day (Black)",https://m.media-amazon.com/images/I/71z70NztRbL._AC_UY218_.jpg,4.4,112.0,10.99,10.99,10.99,USD
"Lenovo Legion 5 15.6-inch FHD 120Hz Gaming Laptop PC, Intel Hexa-Core i7-10750H, Nvidia GTX 1650Ti, 16GB DDR4 RAM, 512GB SSD, Backlit Keyboard, Windows 10 Home 64 bit, Black",https://m.media-amazon.com/images/I/51BBcVqu27L._AC_UY218_.jpg,5.0,8.0,975.0,975.0,975.0,USD
"Lenovo Legion 5 15 Gaming Laptop, 15.6"" FHD IPS 300nits 165Hz Display, AMD Ryzen 7 5800H,NVIDIA GeForce RTX 3050Ti,RGB Backlight, Windows 10H, Phantom Blue, 32GB RAM , 1TB PCIe SSD +Tikbot HDMI",https://m.media-amazon.com/images/I/61pLNj+0H6S._AC_UY218_.jpg,3.6,4.0,1359.9,1359.9,1359.9,USD
"Newest Lenovo Legion 5 Gaming Laptop, 17.3"" Full HD Display, AMD Ryzen 5 5600H Processor, NVIDIA GeForce GTX 1650, 16GB RAM, 1TB SSD, Backlit Keyboard, Webcam, Wi-Fi 6, Windows 11 Home, Black",https://m.media-amazon.com/images/I/713N1uQGeRL._AC_UY218_.jpg,4.6,29.0,939.0,939.0,939.0,USD
"Lenovo Legion 5 15IMH05H 81Y6000DUS (Intel i7-10750H 6-Core, 8GB RAM, 512GB SSD, NVIDIA GTX 1660 Ti, 15.6"" Full HD (1920x1080), WiFi, Bluetooth, Webcam, 4xUSB 3.1, 1xHDMI, Win 10 Home) Black Laptop",https://m.media-amazon.com/images/I/71V8-Eyzf1L._AC_UY218_.jpg,4.3,26.0,939.9,939.9,939.9,USD
"Lenovo Legion 5 Gaming Laptop, AMD Ryzen 5 5600H (Beats i7-10750H), 4.2GHz, 17.3"" FHD IPS 144Hz, GeForce RTX 3060(130W), Wi-Fi 6, Webcam, Backlit KB, USB-C, w/HDMI Cable (32GB RAM | 1TB PCIe SSD)",https://m.media-amazon.com/images/I/41n+rd3BRXL._AC_UY218_.jpg,4.8,6.0,1319.9,1319.9,1319.9,USD
"Lenovo Legion 5 15.6-inch FHD 120Hz Gaming Laptop PC, Intel Hexa-Core i7-10750H, Nvidia GTX 1650Ti, 16GB DDR4 RAM, 512GB SSD, Backlit Keyboard, Windows 10 Home 64 bit, Black",https://m.media-amazon.com/images/I/51BBcVqu27L._AC_UY218_.jpg,5.0,8.0,975.0,975.0,975.0,USD
"Razer Blade Stealth 13 Ultrabook Gaming Laptop: Intel Core i7-1165G7 4 Core, NVIDIA GeForce GTX 1650 Ti Max-Q, 13.3"" 1080p 120Hz, 16GB RAM, 512GB SSD, CNC Aluminum, Chroma RGB, Thunderbolt 4",https://m.media-amazon.com/images/I/61pT5w5-IBL._AC_UY218_.jpg,4.3,117.0,1588.01,1588.01,1588.01,USD
"Lenovo IdeaPad Gaming 3 15.6"" 120Hz Gaming Laptop AMD Ryzen 5-5600H 8GB RAM 512GB SSD RTX 3050 Ti 4GB GDDR6 Shadow Black",https://m.media-amazon.com/images/I/71HxVwbYkHL._AC_UY218_.jpg,4.4,38.0,749.99,749.99,749.99,USD
"Lenovo Flex 5 Laptop, 14.0"" FHD Touch Display, AMD Ryzen 5 5500U, 16GB RAM, 256GB Storage, AMD Radeon Graphics, Windows 11 Home",https://m.media-amazon.com/images/I/71zZiQGzc5L._AC_UY218_.jpg,4.5,651.0,598.11,598.11,598.11,USD
JUYOON 170W 135W Slim Charger for Lenovo Legion 5 5i 5p s7 IdeaPad Gaming 3 3i Laptop ThinkPad P1 P15 P17 G1 G2 G3 G4 adl170sdc3a adp170slc3a adp170scc3a,https://m.media-amazon.com/images/I/611YG1OW7JL._AC_UY218_.jpg,3.0,1.0,95.99,95.99,95.99,USD
"230W AC Adapter Fit for Lenovo Legion 5 Charger,Lenovo Ideapad Legion Y920 Y910 Y900 Y740 Y730 Y7000 Y545 Y540 Thinkpad P73 P53 P72 P52 P71 P51 P70 P50 Yoga A940 4X20E7511",https://m.media-amazon.com/images/I/61lg4CLC9uL._AC_UY218_.jpg,,,52.99,52.99,52.99,USD
"Lenovo IdeaPad Flex 5 2-in-1 Laptop, 14"" Full HD IPS Touch Screen, AMD Ryzen 7 4700U, Webcam, Backlit Keyboard, Fingerprint Reader, USB-C, HDMI, Windows 10 Home, 16GB RAM, 512GB PCIe SSD",https://m.media-amazon.com/images/I/61mKuyDCevL._AC_UY218_.jpg,4.4,240.0,689.0,689.0,689.0,USD
"Lenovo Legion 5 15.6"" Gaming Laptop 120Hz AMD Ryzen 7-4800H 8GB RAM 512GB SSD GTX 1650 4GB - AMD Ryzen 7-4800H Octa-core - 120Hz Refresh Rate - NVIDIA GeForce GTX 1650 4GB GDDR6 - Legion Ultimate",https://m.media-amazon.com/images/I/71MmRJDlubL._AC_UY218_.jpg,4.7,92.0,998.0,998.0,998.0,USD
"Lenovo Legion 5 Pro Gen 6 AMD Gaming Laptop, 16.0"" QHD IPS 165Hz, Ryzen 7 5800H, GeForce RTX 3060 6GB, TGP 130W, Win 10 Home, 32GB RAM | 1TB PCIe SSD,HDMI Cable Bundle",https://m.media-amazon.com/images/I/51AcvnP+Q2S._AC_UY218_.jpg,5.0,2.0,1579.99,1579.99,1579.99,USD
Lenovo Legion 15.6” FHD LED Backlight Gaming Laptop | Intel 6-Core i7-10750H | NVIDIA GeForce GTX 1660Ti | 32GB RAM | 1TBSSD+1TBHDD | Backlit Keyboard | Windows 10 | with Woov Accessory Bundle,https://m.media-amazon.com/images/I/61FN02TOt5L._AC_UY218_.jpg,4.6,16.0,1099.0,1099.0,1099.0,USD
"2022 Lenovo Legion Gaming Laptop, 17.3"" FHD IPS Diaplay, AMD Ryzen 5 5600H 6-Core Processor (Beats i7-10850H), GeForce GTX 1650 Graphics, 32GB RAM, 1TB SSD, Backlit Keyboard, Wi-Fi 6, Windows 11",https://m.media-amazon.com/images/I/71jx6w2AscL._AC_UY218_.jpg,4.0,5.0,989.99,989.99,989.99,USD
"Lenovo IdeaPad 3 14 Laptop, AMD Ryzen 5 5500U, 8GB RAM, 256GB Storage, 14.0"" FHD Display, AMD Radeon 7 Graphics, Windows 10 Home, Abyss Blue",https://m.media-amazon.com/images/I/617LG0fUxJL._AC_UY218_.jpg,4.5,590.0,540.59,540.59,540.59,USD
"LG Gram 16Z90P Laptop 16"" Ultra-Lightweight, (2560 x 1600), Intel Evo 11th gen CORE i7 , 16GB RAM, 256GB SSD, Windows 11 Home, 22 Hour Battery, Alexa Built-in, 2X USB-C, HDMI, USB-A - Black",https://m.media-amazon.com/images/I/71SsE8kWTDL._AC_UY218_.jpg,4.4,9.0,1443.99,1443.99,1443.99,USD
"2021 Lenovo Legion 5 Pro Gaming Laptop, 16.0"" 500 nits QHD (2560x1600) IPS 165Hz, GeForce RTX 3060 6GB, TGP 130W, Ryzen 7 5800H, Win 11 Home, with Accessories (64GB RAM | 1TB PCIe SSD)",https://m.media-amazon.com/images/I/51kgg-NgUyL._AC_UY218_.jpg,5.0,2.0,1709.9,1709.9,1709.9,USD
MSI Modern 14 A10RB-459 Ultra Thin and Light Professional Laptop Intel Core i5-10210U MX250 8GB DDR4 512GB NVMe SSD Win10Pro (Renewed),https://m.media-amazon.com/images/I/61s7m1oRS-L._AC_UY218_.jpg,5.0,1.0,749.66,749.66,749.66,USD
"Upgraded CHUWI CoreBook X Laptop 14'', Intel Core i3-10110U, 8GB RAM 512GB SSD, FHD (2160x1440) Display, Windows 10 Laptop, Up to 4.1Ghz/WiFi 6/Backlit Keyboard/Webcam/BT5.1/Type-C/PD Fast Charge",https://m.media-amazon.com/images/I/51KX7Y5UPsL._AC_UY218_.jpg,4.0,70.0,499.99,499.99,499.99,USD
"2022 Lenovo Legion 5 Gaming 15.6"" FHD 165Hz Laptop Computer, AMD R7-5800H (Beats i7-10750H), 64GB RAM, 2TB PCIe SSD, Backlit Keyboard, GeForce RTX 3060 Graphics, HD Webcam, Win 11, 32GB USB Card",https://m.media-amazon.com/images/I/51Ppy779-LL._AC_UL320_.jpg,4.6,2143.0,1999.0,1999.0,1999.0,USD
"Lenovo IdeaPad3 15.6"" FHD IPS Touchscreen Laptop | 8-Core AMD Ryzen 7 5700U | 16GB RAM | 1TB SSD | Backlit Keyboard | AMD Radeon Graphics | Webcam | Dolby Audio | Windows 11 | TF",https://m.media-amazon.com/images/I/719Q0QSOBYL._AC_UL320_.jpg,4.3,200.0,859.0,859.0,859.0,USD
"Lenovo IdeaPad 3 15 15.6"" Touchscreen Windows 10 Pro S Business Laptop, Intel Core i3-1115G4 (Beat i5-8365U), 20GB DDR4 RAM, 1TB PCIe SSD, 802.11AC WiFi, BT 5.0, Platinum Grey, 64GB Flash Stylus",https://m.media-amazon.com/images/I/81C6OL47uFL._AC_UL320_.jpg,4.5,119.0,759.0,759.0,759.0,USD
"[Windows 11 S] HP 15 15.6"" Touchscreen Laptop Computer, AMD Ryzen 3 3250U up to 3.5GHz (Beat i3-10110U), 8GB DDR4 RAM, 512GB PCIe SSD, 802.11AC WiFi, Bluetooth 4.2, Natural Silver, 64GB Flash Stylus",https://m.media-amazon.com/images/I/71h9d2PRqEL._AC_UL320_.jpg,4.5,140.0,499.0,499.0,499.0,USD
"[Windows 11 S] HP 14 14"" Touchscreen Laptop Computer, Intel Core i3 1115G4 up to 3.2GHz (Beat i5-8365U), 8GB DDR4 RAM, 256GB PCIe SSD, 802.11AC WiFi, Bluetooth 4.2, Webcam, Silver, 64GB Flash Stylus",https://m.media-amazon.com/images/I/71gaWj3hDrL._AC_UL320_.jpg,4.4,164.0,479.0,479.0,479.0,USD
"Dell Inspiron 7610 16 Inch Business and Student Laptop - 3K (3072x1920) Display, Intel Core i7-11800H, 16GB DDR4 RAM, 512GB SSD, NVIDIA GeForce RTX 3050 4GB GDDR6, Windows 11 Pro - Mist Blue",https://m.media-amazon.com/images/I/61mE1Le8ceL._AC_UL640_QL65_.jpg,4.0,15.0,1699.0,1699.0,1699.0,USD
"Dell XPS 17 9710, 17 inch FHD+ Laptop - Intel Core i7-11800H,16GB DDR4 RAM, 1TB SSD, NVIDIA GeForce RTX 3050 4GB GDDR6, Windows 11  Home + 1  Year Premium Support  - Platinum Silver",https://m.media-amazon.com/images/I/71c3q3CQItL._AC_UL640_QL65_.jpg,3.8,38.0,,,,USD
New 170W AC Charger Fit for Lenovo Legion Y740 Y730 Y720 Y530 Y520 Y540 Y7000 Y7000p 5 5P Y720-15IKB Y740-15ICHg Y740-17ICHg Y730-17ICH Y520-15IKB Y540-17IRH-PG0 Laptop Power Supply Adapter Cord,https://m.media-amazon.com/images/I/71TfQv1dtPL._AC_UY218_.jpg,,,32.99,32.99,32.99,USD
CYD 120W AC Adapter Replacement for Laptop-Charger Lenovo Legion Y520 C560 C40-05 C50 300 310 510 520 700 C260 57327820 C260 57327041 ADP-120TH B ADP-120ZB BB Notebook DC Power Supply Cord Cable,https://m.media-amazon.com/images/I/51Nb4ap6UML._AC_UY218_.jpg,4.4,10.0,36.99,36.99,36.99,USD
"Lenovo Legion 5 Pro 16"" 165Hz QHD IPS Gaming Laptop, AMD Ryzen 7 5800H, NVIDIA GeForce RTX 3070,RGB Backlight, TGP 130W, 32GB RAM, 2TB PCIe SSD, Windows 10H, ES 32GB USB",https://m.media-amazon.com/images/I/713s6DAMQxL._AC_UY218_.jpg,4.6,22.0,1999.0,1999.0,1999.0,USD
"Lenovo IdeaPad 5 15.6"" Laptop Ryzen 7-4700U 16GB RAM 512GB SSD Graphite Grey - AMD Ryzen 7-4700U Octa-core - 1920 x 1080 Full HD Resolution - AMD Radeon Graphics - Intel Wi-Fi 6 - Windows 10 Home",https://m.media-amazon.com/images/I/51lA0TRS-ZL._AC_UY218_.jpg,4.4,107.0,744.99,744.99,744.99,USD
"Newest Lenovo Legion 5 Pro Gen 6 Gaming Laptop, Octa-core AMD Ryzen 7 5800H, 16.0"" QHD (2560x1600) IPS 165Hz Display, NVIDIA GeForce RTX 3070(140W), Type-C, w/ Accessories (32GB RAM | 1TB PCIe SSD)",https://m.media-amazon.com/images/I/71a4vue72OL._AC_UY218_.jpg,4.6,5.0,1827.26,1827.26,1827.26,USD
"Lenovo - 2021 - IdeaPad 3 - Gaming Laptop - AMD Ryzen 5 5600H - 8GB RAM - 256GB Storage - NVIDIA GeForce GTX 1650 - 15.6"" FHD Display - Windows 11 Home",https://m.media-amazon.com/images/I/813-VnIfJjL._AC_UY218_.jpg,4.6,424.0,674.23,674.23,674.23,USD
"2022 Lenovo Legion 5 15.6"" 240Hz 500nits VR ready Gaming Laptop, Intel Hexa-Core i7-10750H 5.0GHz, GeForce RTX 2060, Dolby Vision, Wi-Fi 6, Backlit, USB-C, Win 10 (16GB RAM | 512GB PCIe SSD | 1TB HDD)",https://m.media-amazon.com/images/I/71SLWgztnML._AC_UY218_.jpg,,,1019.07,1019.07,1019.07,USD
"Acer Predator Helios 300 PH315-54-760S Gaming Laptop | Intel i7-11800H | NVIDIA GeForce RTX 3060 Laptop GPU | 15.6"" Full HD 144Hz 3ms IPS Display | 16GB DDR4 | 512GB SSD | Killer WiFi 6 | RGB Keyboard",https://m.media-amazon.com/images/I/71nz3cIcFOL._AC_UY218_.jpg,4.6,3097.0,1219.0,1219.0,1219.0,USD
"Lenovo Legion 5 Pro Gaming Laptop, 16.0"" 500 nits QHD (2560x1600) IPS 165Hz, Ryzen 7 5800H, GeForce RTX 3060 6GB, TGP 130W, Win 11 Home, with HDMI Cable (32GB RAM | 1TB PCIe SSD)",https://m.media-amazon.com/images/I/61A4J3iX1vL._AC_UY218_.jpg,5.0,3.0,1549.9,1549.9,1549.9,USD
"Lenovo Legion 5 15.6-inch FHD 120Hz Gaming Laptop PC, Intel Hexa-Core i7-10750H, Nvidia GTX 1650Ti, 32GB DDR4 RAM, 1TB SSD, Backlit Keyboard, Windows 10 Home 64 bit, Black",https://m.media-amazon.com/images/I/51BBcVqu27L._AC_UY218_.jpg,4.0,9.0,1079.0,1079.0,1079.0,USD
GinTai Laptop LCD Display Screen EDP Cable 81Y6 40pin for Lenovo Legion 5-15IMH05 15ARH05 15IMH05H 15ARH05H DC02C00LR00 DC02C00LR10 DC02C00LR20/ Legion Y7000 2020 GY550 144HZ No Logo,https://m.media-amazon.com/images/I/51WE758QsVL._AC_UY218_.jpg,,,32.99,32.99,32.99,USD
"ASUS ROG Zephyrus G14 Ultra Slim Gaming Laptop, 14"" 120Hz QHD Display(2560x1440) ,AMD Ryzen 9 5900HS ,NVIDIA GeForce RTX 3060,16GB RAM | 1TB PCIe SSD, Fingerprint Reader, Windows 10--Accessories",https://m.media-amazon.com/images/I/81ZC1-vLbcL._AC_UY218_.jpg,4.1,40.0,1559.99,1559.99,1559.99,USD
"Lenovo Legion 5 Pro Gen 6 AMD Gaming Laptop, 16.0"" QHD IPS 165Hz, Ryzen 7 5800H, GeForce RTX 3060 6GB, TGP 130W, Win 10 Home, 32GB RAM | 1TB PCIe SSD, HDMI Cable Bundle",https://m.media-amazon.com/images/I/41YWcEd9V+L._AC_UY218_.jpg,4.0,1.0,1609.47,1609.47,1609.47,USD
"Lenovo Legion 5 15.6"" LED-Backlit Antiglare FHD Gaming Laptop 10th Gen Intel Core i7-10750H 16GB RAM 1TB HDD + 512GB NVMe SSD 6GB NVIDIA GeForce GTX 1660Ti Windows 10 Home - Moss Green",https://m.media-amazon.com/images/I/61iazAjPsAL._AC_UY218_.jpg,4.5,9.0,1129.98,1129.98,1129.98,USD
"2022 Lenovo IdeaPad 3 Gaming Laptop 15.6"" 120Hz, NVIDIA GeForce RTX 3050 Ti 4GB GDDR6, 6-core AMD Ryzen 5-5600H(up to 4.2GHz), 16GB RAM 1TB PCIe SSD, Windows 11",https://m.media-amazon.com/images/I/71qXA2XeHCL._AC_UY218_.jpg,4.4,23.0,949.99,949.99,949.99,USD
"2022 Newest Lenovo Legion 5 pro Gaming Laptop, 16"" 165Hz QHD IPS Display, AMD Ryzen 7 5800H (8 Core) 3.20 GHz, NVIDIA GeForce RTX 3060 6GB GDDR6, Windows 11H, Storm Gray (64GB RAM | 2TB NVMe, RTX3060)",https://m.media-amazon.com/images/I/51JVElycEbL._AC_UY218_.jpg,,,1859.99,1859.99,1859.99,USD
"MSI Stealth 15M Gaming Laptop: 15.6"" 144Hz FHD 1080p Display, Intel Core i7-11375H, NVIDIA GeForce RTX 3060, 16GB, 512GB SSD, Thunderbolt 4, WiFi 6, Win10, Carbon Gray (A11UEK-009)",https://m.media-amazon.com/images/I/71p3Ygm14wL._AC_UY218_.jpg,4.3,580.0,1229.0,1229.0,1229.0,USD
"Lenovo Legion 7 Gen 6 Laptop, 16"" WQXGA IPS 165Hz 500nits 100% sRGB Display, AMD 8-Core Ryzen 7 5800H (Beats i7-10750H), GeForce RTX 3070 (140W), RGB Backlit, Wi-Fi 6, 32GB RAM 2TB SSD, w/Accessories",https://m.media-amazon.com/images/I/61B4gCZQabL._AC_UY218_.jpg,4.5,8.0,2286.57,2286.57,2286.57,USD
"Lenovo Legion Y540 15.6"" Gaming Laptop 144Hz i7-9750H 16GB RAM 256GB SSD GTX 1660Ti 6GB - 9th Gen i7-9750H Hexa-Core - 144Hz Refresh Rate - NVIDIA GeForce GTX 1660Ti 6GB GDDR6 - Legion Ultimate S",https://m.media-amazon.com/images/I/41e5jYJBHnL._AC_UY218_.jpg,4.6,86.0,931.0,931.0,931.0,USD
"Lenovo IdeaPad 3 14"" Laptop, 14.0"" FHD 1920 x 1080 Display, AMD Ryzen 5 3500U Processor, 8GB DDR4 RAM, 256GB SSD, AMD Radeon Vega 8 Graphics, Narrow Bezel, Windows 10, 81W0003QUS, Abyss Blue",https://m.media-amazon.com/images/I/61eiHmoOxLL._AC_UY218_.jpg,4.5,4436.0,530.0,530.0,530.0,USD
"2021 Lenovo Legion 5 17.3"" FHD IPS 144Hz Premium Gaming Laptop, AMD Ryzen 7 5800H, GeForce RTX 3060(130W), HDMI, Webcam, Backlit KB, USB-C, Win 11 (16GB RAM | 1TB PCIe SSD)",https://m.media-amazon.com/images/I/61+EQqPPdBL._AC_UY218_.jpg,4.7,4.0,1389.9,1389.9,1389.9,USD
"Lenovo Legion 5 Gaming Laptop, 15.6"" FHD IPS 300Nits 144Hz, AMD Ryzen 7 4800H, Wi-Fi 6, Webcam, Backlit Keyboard, GeForce RTX 2060 6GB GDDR6, Windows 10, (Ryzen 7 4800H/RTX 2060)",https://m.media-amazon.com/images/I/617VyVRUgpL._AC_UY218_.jpg,3.5,10.0,1388.88,1388.88,1388.88,USD
"2022 Lenovo Legion 5 Gaming 15.6"" FHD 165Hz Laptop Computer, AMD R7-5800H (Beats i7-10750H), 32GB RAM, 512GB PCIe SSD, Backlit Keyboard, GeForce RTX 3060 Graphics, Windows 11, 32GB USB Card",https://m.media-amazon.com/images/I/51R6eezHHJL._AC_UL320_.jpg,4.6,2143.0,1549.0,1549.0,1549.0,USD
"2022 Lenovo IdeaPad UltraSlim 9i Business Laptop 14"" UHD 4K IPS Touchscreen | Intel Core i7-1165G7 | 16GB RAM | 512GB SSD | Backlit-KYB | FP-Reader | WiFi-6 | Thunderbolt | IR-Webcam | Win10Pro |TF",https://m.media-amazon.com/images/I/61Lqc93PgNL._AC_UL320_.jpg,4.6,123.0,1279.0,1279.0,1279.0,USD
"Lenovo IdeaPad Premium Slim 7i: 14"" FHD IPS Display Laptop | 11th Gen Intel Core i7-1165G7 | 16GB RAM | 2TB SSD | Backlit-KYB | FP-Reader | WiFi-6 | Thunderbolt | IR-Webcam | Windows 10 | TF",https://m.media-amazon.com/images/I/713ykZlQBRL._AC_UL320_.jpg,4.3,200.0,1169.0,1169.0,1169.0,USD
"2022 Latest Asus Premium VivoBook OLED Thin Laptop PC: 15.6"" FHD OLED Display, 4-Core Intel i5-1135G7, 24GB RAM, 1TB SSD, Iris Xe Graphics, USB-C, HDMI, Backlit-KYB, FP-Reader, Wifi6, Win10, T.F",https://m.media-amazon.com/images/I/71fveXK-WBL._AC_UL320_.jpg,4.3,141.0,879.0,879.0,879.0,USD
Apple MacBook Pro MF839LL/A 128GB Flash Storage - 8GB LPDDR3 - 13.3in with Intel Core i5 2.7 GHz (Renewed),https://m.media-amazon.com/images/I/81bTK8-ei4L._AC_UL320_.jpg,4.3,693.0,292.99,292.99,292.99,USD
"Dell XPS 17 9710, 17 inch FHD+ Laptop - Intel Core i7-11800H,16GB DDR4 RAM, 1TB SSD, NVIDIA GeForce RTX 3050 4GB GDDR6, Windows 11  Home + 1  Year Premium Support  - Platinum Silver",https://m.media-amazon.com/images/I/71c3q3CQItL._AC_UL640_QL65_.jpg,3.8,38.0,,,,USD
"TECLAST F15S Laptop Computer 15.6 Inch, Intel N4020 Quad Core Windows 10 Laptop(Windows 11 Free Upgrade), 6GB RAM 128GB SSD Business Notebook PC, 1920x1080 IPS Display, WiFi, Bluetooth, Numpad, HDMI",https://m.media-amazon.com/images/I/61V8PkpebqL._AC_UL640_QL65_.jpg,4.0,104.0,289.99,289.99,289.99,USD
"Mini PC Windows 11 Pro Intel N4020 Processor(up to 2.8Ghz) 4GB DDR4 128GB M.2 SATA3 SSD TRIGKEY N4 Micro PC, Support 2.4G/5.8G Dual Band WiFi/4K Dual HDMI/USB3.0/Gigabit Ethernet/Wake On LAN",https://m.media-amazon.com/images/I/51TIfjtv99L._AC_UY218_.jpg,4.3,22.0,169.0,169.0,169.0,USD
"SABRENT USB 3.1 to SATA External Hard Drive Docking Station for 2.5 or 3.5in HDD, SSD [Includes Both Type C and Type A Cables Supports UASP and 10TB Drives] (DS-UTC1)",https://m.media-amazon.com/images/I/71IeeEw5+IL._AC_UY218_.jpg,4.4,2284.0,29.99,29.99,29.99,USD
"2022 Newest Lenovo Legion 5 pro Gaming Laptop, 16"" 165Hz QHD IPS Display, AMD Ryzen 7 5800H (8 Core) 3.20 GHz, NVIDIA GeForce RTX 3060 6GB GDDR6, Windows 11H, Storm Gray (16GB RAM | 1TB NVMe, RTX3060)",https://m.media-amazon.com/images/I/51JVElycEbL._AC_UY218_.jpg,4.0,1.0,1498.88,1498.88,1498.88,USD
"Lenovo Legion 5 17.3"" 300Nits 144Hz Gaming Laptop, FHD (1920x1080) IPS Display, Octa-Core AMD Ryzen 7 5800H, NVIDIA GeForce RTX 3060 6GB GDDR6(TGP 130W), Webcam, Windows 11 (32GB RAM | 1TB PCIe SSD)",https://m.media-amazon.com/images/I/51J6GJj6BJL._AC_UY218_.jpg,3.5,3.0,1489.9,1489.9,1489.9,USD
"ASUS TUF Dash 15 (2021) Ultra Slim Gaming Laptop, 15.6” 144Hz FHD, GeForce RTX 3050 Ti, Intel Core i7-11370H, 8GB DDR4, 512GB PCIe NVMe SSD, Wi-Fi 6, Windows 10, Eclipse Grey Color, TUF516PE-AB73",https://m.media-amazon.com/images/I/81Tx3MJBkSL._AC_UY218_.jpg,4.4,1087.0,949.99,949.99,949.99,USD
"Lenovo Ideapad L340 Gaming Laptop, 15.6 Inch FHD (1920 X 1080) IPS Display, Intel Core i5-9300H Processor, 8GB DDR4 RAM, 512GB Nvme SSD, NVIDIA GeForce GTX 1650, Windows 10, 81LK00HDUS, Black",https://m.media-amazon.com/images/I/71Aoh+S2ZIL._AC_UY218_.jpg,4.5,1537.0,739.99,739.99,739.99,USD
Lenovo - IdeaPad L340 15 Gaming Laptop - Intel Core i5 - 8GB Memory - NVIDIA GeForce GTX 1650 - 256GB Solid State Drive - Black,https://m.media-amazon.com/images/I/614L9gKcksL._AC_UY218_.jpg,4.4,401.0,684.0,684.0,684.0,USD
"Lenovo - Legion 5 - Gaming Laptop - AMD Ryzen 5 5600H - 8GB DDR4 RAM - 512GB NVMe TLC SSD - NVIDIA GeForce RTX 3060 Graphics - 15.6"" FHD 120 Hz - Windows 11 Home - Phantom Blue",https://m.media-amazon.com/images/I/71fUOX30BdL._AC_UY218_.jpg,,,999.0,999.0,999.0,USD
"Lenovo Legion 7i Gaming Laptop, 15.6"" Full HD 240Hz Screen, Intel Core i7-10750H 6-Core Processor, NVIDIA GeForce RTX2070 Graphics, RGB Backlit Keyboard, Windows 10 Home (32GB RAM | 1TB SSD)",https://m.media-amazon.com/images/I/61RAEwYlbES._AC_UY218_.jpg,4.9,14.0,1839.0,1839.0,1839.0,USD
"2019 Lenovo Legion Y540 15.6"" FHD Gaming Laptop Computer, 9th Gen Intel Hexa-Core i7-9750H Up to 4.5GHz, 24GB DDR4 RAM, 1TB HDD + 512GB PCIE SSD, GeForce GTX 1650 4GB, 802.11ac WiFi, Windows 10 Home",https://m.media-amazon.com/images/I/41-Vro3zAFL._AC_UY218_.jpg,4.6,211.0,1169.99,1169.99,1169.99,USD
230W AC Charger for Lenovo Legion 5 5i Y540 Y545 Y740 ThinkPad P1 P71 P72 P15 Power Adapter Supply Cord ADL230NLC3A,https://m.media-amazon.com/images/I/41QO92KiWgL._AC_UY218_.jpg,,,76.99,76.99,76.99,USD
170W Laptop AC Charger Fit for Lenovo Legion 5 5P S7 Thinkpad P1 P50 P51 P52 P53 P70 P71 P73 W540 W541 T540P ADL170NDC2A ADL170NDC3A ADL170NLC3A ADL170NLC2A Gen 1 2 3 4 4X20E50574 Power Adapter Cord,https://m.media-amazon.com/images/I/61V5CHOEqOS._AC_UY218_.jpg,,,35.99,35.99,35.99,USD
"Lenovo IdeaPad Gaming 3 Laptop: Ryzen 7 5800H, GeForce RTX 3050, 16GB RAM, 512GB SSD, 15.6"" 120Hz Full HD Display",https://m.media-amazon.com/images/I/51wS1MaIigL._AC_UY218_.jpg,5.0,2.0,884.0,884.0,884.0,USD
"2021 Lenovo Legion 5 17.3"" FHD IPS 144Hz Premium Gaming Laptop, AMD Ryzen 7 5800H, GeForce RTX 3060(130W), HDMI, Webcam, Backlit KB, USB-C, Win 11 (16GB RAM | 1TB PCIe SSD)",https://m.media-amazon.com/images/I/61+EQqPPdBL._AC_UY218_.jpg,4.7,4.0,1389.9,1389.9,1389.9,USD
"Lenovo IdeaPad Gaming 3 15.6"" Gaming Laptop 120Hz Ryzen 5-4600H 8GB RAM 256GB SSD GTX 1650 4GB - AMD Ryzen 5-4600H Hexa-core - NVIDIA GeForce GTX 1650 4GB GDDR6 - 120 Hz Refresh Rate - in-Plane S",https://m.media-amazon.com/images/I/41T12aiFddL._AC_UY218_.jpg,4.6,27.0,705.0,705.0,705.0,USD
"Lenovo Legion 7i Gaming Laptop, 15.6"" Full HD 240Hz Screen, Intel Core i7-10750H 6-Core Processor, NVIDIA GeForce RTX 2070 Graphics, 32GB RAM, 1TB SSD + 1TB SSD, RGB Backlit Keyboard, Windows 10 Home",https://m.media-amazon.com/images/I/61RAEwYlbES._AC_UY218_.jpg,4.2,5.0,2099.0,2099.0,2099.0,USD
"Lenovo Legion 5 17.3"" 144Hz Gaming Laptop, 300 Nits FHD (1920x1080) IPS Display, Octa-Core AMD Ryzen 7 5800H, NVIDIA GeForce RTX 3060 6GB GDDR6(TGP 130W), Webcam, Windows 11 (16GB RAM | 1TB PCIe SSD)",https://m.media-amazon.com/images/I/61KLtqwaetL._AC_UY218_.jpg,5.0,1.0,1349.9,1349.9,1349.9,USD
"Acer Nitro 5 AN515-55-53E5 Gaming Laptop | Intel Core i5-10300H | NVIDIA GeForce RTX 3050 Laptop GPU | 15.6"" FHD 144Hz IPS Display | 8GB DDR4 | 256GB NVMe SSD | Intel Wi-Fi 6 | Backlit Keyboard",https://m.media-amazon.com/images/I/81bc8mA3nKL._AC_UY218_.jpg,4.5,2854.0,748.97,748.97,748.97,USD
"Lenovo Legion Y540 15.6"" Full HD 60Hz Gaming Notebook Computer, Intel Core i7-9750H 2.6GHz, 16GB RAM, 256GB SSD, NVIDIA GeForce GTX 1660 Ti 6GB, Windows 10 Home, Raven Black",https://m.media-amazon.com/images/I/61czhDtLj5L._AC_UY218_.jpg,4.5,30.0,969.0,969.0,969.0,USD
"Lenovo IdeaPad Gaming 3-15IMH05 81Y4002NUS 15.6"" Gaming Notebook - Full HD - 1920 x 1080 - Intel Core i5 10th Gen i5-10300H Quad-core (4 Core) 2.50 GHz - 8 GB RAM - 256 GB SSD - Onyx Black",https://m.media-amazon.com/images/I/41qeCbB7G0L._AC_UY218_.jpg,4.4,36.0,665.0,665.0,665.0,USD
"2021 Lenovo Legion 5 Pro Gaming Laptop, 16.0"" 500 nits QHD (2560x1600) IPS 165Hz, GeForce RTX 3060 6GB, TGP 130W, Ryzen 7 5800H, Win 11 Home, with Accessories (64GB RAM | 1TB PCIe SSD)",https://m.media-amazon.com/images/I/51kgg-NgUyL._AC_UY218_.jpg,5.0,2.0,1709.9,1709.9,1709.9,USD
"Lenovo IdeaPad 3i 15.6"" FHD Touchscreen Laptop 2022, Intel Core i3-1115G4, 20GB RAM, 512GB NVMe SSD, USB A&C, Webcam, Bluetooth, Windows 11 S, Sand",https://m.media-amazon.com/images/I/41jBl0QxMBL._AC_UY218_.jpg,4.5,32.0,469.99,469.99,469.99,USD
"Lenovo IdeaPad 1 Laptop, 14.0"" HD Display, Intel Celeron N4020, 4GB RAM, 64GB Storage, Intel UHD Graphics 600, Windows 11 in S Mode, Ice Blue",https://m.media-amazon.com/images/I/71hhgeQCrOL._AC_UL640_QL65_.jpg,4.3,803.0,264.0,264.0,264.0,USD
"TECLAST 15.6 Inch Laptop Computer, 1920x1080 IPS Display, 8GB RAM 256GB SSD Windows 10 Laptop, Intel N4120 Quad-Core Processor Notebook PC, Support WiFi, Bluetooth, Numpad, Fast Charge, HDMI",https://m.media-amazon.com/images/I/91crN8K4G1L._AC_UL640_QL65_.jpg,4.0,56.0,349.99,349.99,349.99,USD
"15.6 inch Laptop Sleeve Waterpoof Computer Bag for HP Envy X360 2-in-1 15.6"", HP Pavilion 15.6 Laptop, Lenovo IdeaPad 3 15.6, Lenovo Legion 5, 15.6 inch HP Dell Lenovo Acer Notebook Bag, Black",https://m.media-amazon.com/images/I/81KdBH56XRL._AC_UY218_.jpg,4.7,9.0,14.99,14.99,14.99,USD
230W AC Adapter Charger Fit for Lenovo Ideapad Legion Y900 Y910 Y920 Y730 Y740 Y7000 Y545 Y540 Y740-17IRHg Thinkpad P51 P52 P53 P51 P50 P70 P71 P72 P73 Laptop Power Adapter Supply Cord,https://m.media-amazon.com/images/I/41SlWeuWNNS._AC_UY218_.jpg,3.0,2.0,59.99,59.99,59.99,USD
"Lenovo IdeaPad 1 14 Laptop, 14.0"" HD Display, Intel Celeron N4020, 4GB RAM, 64GB Storage, Intel UHD Graphics 600, Win 10 in S Mode, Ice Blue",https://m.media-amazon.com/images/I/71IVTMa5JQL._AC_UY218_.jpg,4.4,1433.0,235.0,235.0,235.0,USD
"2021 Newest Lenovo Legion 5 15.6"" FHD 120GHz Gaming Laptop, 6-Cores AMD Ryzen 5-4600H Processor up to 4.0GHz, 8GB RAM, 256GB SSD, Backlit Keyboard, NVIDIA GeForce GTX 1650 4GB Graphics, Windows 10",https://m.media-amazon.com/images/I/41dFTHSCyTL._AC_UY218_.jpg,4.5,23.0,799.0,799.0,799.0,USD
"Lenovo IdeaPad Gaming 3 15.6"" 120Hz Gaming Laptop AMD Ryzen 5-5600H 8GB RAM 512GB SSD RTX 3050 4GB GDDR6 Shadow Black",https://m.media-amazon.com/images/I/31Wv9Kv9vVL._AC_UY218_.jpg,4.7,6.0,749.0,749.0,749.0,USD
"Lenovo Legion 5 17.3"" 300Nits 144Hz Gaming Laptop, FHD (1920x1080) IPS Display, Octa-Core AMD Ryzen 7 5800H, NVIDIA GeForce RTX 3060 6GB GDDR6(TGP 130W), Webcam, Windows 11 (32GB RAM | 2TB PCIe SSD)",https://m.media-amazon.com/images/I/31GxoiWhT9L._AC_UY218_.jpg,4.0,1.0,1589.9,1589.9,1589.9,USD
"Lenovo Legion 5 Gaming Laptop 15.6"" FHD IPS 144Hz Display, Intel Core I7-10750H, 16GB RAM, 512GB PCIe + 1TB HDD, GTX 1660 Ti, WiFi, Backlit Keyboard, HDMI, Win10 Home, Dark Moss",https://m.media-amazon.com/images/I/71gBmyia6PL._AC_UY218_.jpg,,,1299.99,1299.99,1299.99,USD
"Lenovo Legion 5 15-inch FHD, Intel Core i7-10750H, NVIDIA GeForce RTX 2060, 16GB RAM, 512GB SSD, Phantom Black, Windows 10, 81Y600DCUS (Renewed)",https://m.media-amazon.com/images/I/310hFXDcUsL._AC_UY218_.jpg,,,,,,USD
"Newest Lenovo IdeaPad Gaming 3i Laptop, 15.6"" Full HD Display, Intel Core i5-11300H Processor, NVIDIA GeForce GTX 1650, 16GB RAM, 512GB SSD, Backlit Keyboard, Webcam, WiFi 6, Windows 11 Home, Black",https://m.media-amazon.com/images/I/81HFdfYDgPL._AC_UY218_.jpg,4.6,13.0,770.0,770.0,770.0,USD
"Lenovo Legion 5 15.6"" FHD Gaming Laptop Computer, 8-Core AMD Ryzen 7 5800H(up to 4.4GHz), NVIDIA GeForce RTX 3050Ti, 32GB RAM 1TB PCIe SSD, RGB Backlit, Windows 11",https://m.media-amazon.com/images/I/61pqH4uGs3L._AC_UY218_.jpg,4.6,7.0,,,,USD
"2021 Lenovo Legion 5 17.3"" FHD IPS 144Hz Premium Gaming Laptop, AMD Ryzen 7 5800H, GeForce RTX 3060(130W), HDMI, Webcam, Backlit KB, USB-C, Win 11 (32GB RAM | 1TB PCIe SSD)",https://m.media-amazon.com/images/I/61-6VEZzJ+L._AC_UY218_.jpg,4.7,4.0,1519.9,1519.9,1519.9,USD
"Newest Lenovo Legion 5 Gen 6 Gaming Laptop, 17.3"" FHD IPS 144Hz Display, NVIDIA GeForce RTX 3070(TGP 130W), AMD Ryzen 7 5800H (8 Cores, 16 Threads), Type-C, Win 11 Pro（16GB RAM | 1TB PCIe SSD）",https://m.media-amazon.com/images/I/61e8aevonzL._AC_UY218_.jpg,,,1609.9,1609.9,1609.9,USD
"Acer Nitro 5 Gaming Laptop, 9th Gen Intel Core i5-9300H, NVIDIA GeForce GTX 1650, 15.6"" Full HD IPS Display, 8GB DDR4, 256GB NVMe SSD, Wi-Fi 6, Backlit Keyboard, Alexa Built-in, AN515-54-5812",https://m.media-amazon.com/images/I/81lWUzhyBlL._AC_UY218_.jpg,4.7,5008.0,729.99,729.99,729.99,USD
"2022 Lenovo Legion 5 15.6"" 240Hz FHD IPS Gaming Laptop 6-Core Intel i7-10750H 64GB RAM 2TB NVMe SSD NVIDIA GeForce RTX 2060 6GB GDDR6 HDMI2.0 USB-C WiFi AX Backlit Windows 10 Pro w/ RE 32GB USB",https://m.media-amazon.com/images/I/71R28Do4GXL._AC_UY218_.jpg,5.0,2.0,,,,USD
"Lenovo Legion 5 Pro Gaming Laptop, 16.0"" QHD IPS 165Hz, Ryzen 7 5800H, GeForce RTX 3070 8GB（140W）,RGB Backlight KB，Win 10, Woov Accessories (32GB RAM 3200 | 2TB PCIe SSD)",https://m.media-amazon.com/images/I/51AcvnP+Q2S._AC_UY218_.jpg,5.0,1.0,1959.9,1959.9,1959.9,USD
"2019 Lenovo Legion Y540 15.6"" FHD Gaming Laptop Computer, 9th Gen Intel Hexa-Core i7-9750H Up to 4.5GHz, 32GB DDR4 RAM, 1TB HDD + 512GB PCIE SSD, GeForce GTX 1650 4GB, 802.11ac WiFi, Windows 10 Home",https://m.media-amazon.com/images/I/610LUb7CgxL._AC_UY218_.jpg,4.3,64.0,1178.9,1178.9,1178.9,USD
"Lenovo IdeaPad 3 Laptop, 17.3"" HD+ Display, AMD Ryzen 5 5500U, 8GB RAM, 512GB Storage, AMD Radeon 7 Graphics, Windows 10 Home, Abyss Blue",https://m.media-amazon.com/images/I/71pB-k6N2rL._AC_UY218_.jpg,4.5,376.0,538.41,538.41,538.41,USD
"Lenovo - IdeaPad 3 15"" Laptop - Intel Core i3-1005G1-8GB Memory - 256GB SSD - Platinum Grey - 81WE011UUS",https://m.media-amazon.com/images/I/61cjgSurDdS._AC_UY218_.jpg,4.6,854.0,399.0,399.0,399.0,USD
Lenovo Legion 5 15.6 inches Gaming Laptop 144Hz AMD Ryzen 7-4800H 16GB RAM 512GB SSD RTX 2060 6GB Phantom Black (Renewed),https://m.media-amazon.com/images/I/31dXavq3FZL._AC_UY218_.jpg,4.7,245.0,1319.9,1319.9,1319.9,USD
"Lenovo Legion 5 15.6"" FHD VR Ready Gaming Laptop, IPS, i7-10750H, USB-C, HDMI, WiFi 6, Webcam, Backlit Keyboard, Bluetooth, NVIDIA GeForce GTX 1660 Ti, Win 10, Black (32GB RAM | 1TB PCIe SSD)",https://m.media-amazon.com/images/I/61FN02TOt5L._AC_UY218_.jpg,4.6,10.0,1079.9,1079.9,1079.9,USD
"2022 Flagship Lenovo IdeaPad 3 Laptop, 15.6"" HD Touchscreen, Intel Dual Core i3-1115G4 (Upto 4.1GHz,Beats i5-1030G7), 8GB RAM, 256GB SSD, UHD Graphics, HD Webcam, 7+ Hours, Win 11 S +HubxcelAccessory",https://m.media-amazon.com/images/I/81rshmF0D3L._AC_UY218_.jpg,,,459.0,459.0,459.0,USD
"Lenovo Legion 5 17.3"" 144Hz Gaming Laptop, 300 Nits FHD (1920x1080) IPS Display, Octa-Core AMD Ryzen 7 5800H, NVIDIA GeForce RTX 3060 6GB GDDR6(TGP 130W), Webcam, Windows 11 (16GB RAM | 1TB PCIe SSD)",https://m.media-amazon.com/images/I/61KLtqwaetL._AC_UY218_.jpg,5.0,1.0,1349.9,1349.9,1349.9,USD
"2022 Lenovo Legion 5 Gaming 15.6"" FHD 165Hz Laptop Computer, AMD R7-5800H (Beats i7-10750H), 16GB RAM, 1TB PCIe SSD, Backlit Keyboard, GeForce RTX 3060 Graphics, HD Webcam, Win 11, 32GB USB Card",https://m.media-amazon.com/images/I/51K-3q+ClAL._AC_UL320_.jpg,4.6,2143.0,1529.0,1529.0,1529.0,USD
"2022 Powerful Lenovo IdeaPad 15.6"" HD Touch Screen Laptop, 11th Gen Intel Core i3-1115G4 up to 4.1GHz, 20GB RAM, 512GB PCIe SSD, Dolby Audio, Webcam, Windows 11, T.F. Card",https://m.media-amazon.com/images/I/61DrCbSkM4L._AC_UL320_.jpg,4.6,123.0,589.0,589.0,589.0,USD
2022 ASUS VivoBook Ultra Thin and Light 15.6'' FHD Touchscreen Laptop Intel 11th gen Quad-Core i5-1135G7 up to 4.2GHz 32GB RAM 1TB SSD Fingerprint Reader Backlit Keyboard Webcam Windows 10 TF Bundle,https://m.media-amazon.com/images/I/61sA8E8bOlL._AC_UL320_.jpg,4.3,141.0,959.0,959.0,959.0,USD
"Acer Aspire 5 Slim Laptop, 15.6 inch FHD IPS Display, AMD Ryzen 3 3200U (Beat i5 7200U), 8GB RAM, 128GB PCIe SSD, Backlit Keyboard, Wi-Fi 6, Windows 10, JAWFOAL",https://m.media-amazon.com/images/I/61XCfPCL79L._AC_UL320_.jpg,4.4,276.0,449.99,449.99,449.99,USD
"Dell XPS 17 9710, 17 inch FHD+ Laptop - Intel Core i7-11800H,16GB DDR4 RAM, 1TB SSD, NVIDIA GeForce RTX 3050 4GB GDDR6, Windows 11  Home + 1  Year Premium Support  - Platinum Silver",https://m.media-amazon.com/images/I/71c3q3CQItL._AC_UL640_QL65_.jpg,3.8,38.0,,,,USD
"MSI Sword Thin Bezel 15.6"" Core i7-11800H 144Hz Full HD IPS-Level Gaming Laptop NVIDIA GeForce RTX 3050Ti Max Performance Wi-Fi 6 White - W/Mouse Pad (8GB Memory, 512GB PCIe SSD)",https://m.media-amazon.com/images/I/61quAfhoMIL._AC_UY218_.jpg,5.0,4.0,994.99,994.99,994.99,USD
"Civoten 14 Inch Laptop Sleeve Case Notebook Bag Water-Resistant Handbag for 15"" New MacBook Pro / Lenovo ThinkPad X1 Yoga E490 T480s / HP Chromebook 14 / Dell Latitude 14 / Acer Swift 5 7, Dark Gray",https://m.media-amazon.com/images/I/81urNC0gC9L._AC_UY218_.jpg,4.7,873.0,16.99,16.99,16.99,USD
"Lenovo Legion 5 15.6"" FHD VR Ready Gaming Laptop, IPS, i7-10750H, USB-C, HDMI, WiFi 6, Webcam, Backlit Keyboard, Bluetooth, NVIDIA GeForce GTX 1660 Ti, Win 10, Black (32GB RAM | 1TB PCIe SSD)",https://m.media-amazon.com/images/I/61FN02TOt5L._AC_UY218_.jpg,4.6,10.0,1079.9,1079.9,1079.9,USD
"Lenovo Legion 5 Gaming Laptop, 15.6"" FHD IPS 300Nits 144Hz, AMD Ryzen 7 4800H, Wi-Fi 6, Webcam, Backlit Keyboard, GeForce RTX 2060 6GB GDDR6, Windows 10, (Ryzen 7 4800H/RTX 2060)",https://m.media-amazon.com/images/I/617VyVRUgpL._AC_UY218_.jpg,3.5,10.0,1388.88,1388.88,1388.88,USD
"Lenovo Chromebook S330 Laptop, 14-Inch FHD Display, MediaTek MT8173C, 4GB RAM, 64GB Storage, Chrome OS",https://m.media-amazon.com/images/I/61ViOMIUhmL._AC_UY218_.jpg,4.3,3335.0,193.0,193.0,193.0,USD
"Newest Lenovo Legion 5 Gen 6 Gaming Laptop, 17.3"" FHD IPS 144Hz Display, NVIDIA GeForce RTX 3070(TGP 130W), AMD Ryzen 7 5800H (8 Cores, 16 Threads), Type-C, Win 11 Pro（16GB RAM | 1TB PCIe SSD）",https://m.media-amazon.com/images/I/61e8aevonzL._AC_UY218_.jpg,,,1609.9,1609.9,1609.9,USD
"2022 Lenovo Legion 5 15.6"" 240Hz FHD IPS Gaming Laptop, Intel Core i7-10750H 6-Core, 16GB RAM, 256GB SSD + 1TB HDD, NVIDIA GeForce RTX 2060 6GB GDDR6, Wi-Fi 6, Windows 10 Backlit KB w/ 32GB USB",https://m.media-amazon.com/images/I/71R28Do4GXL._AC_UY218_.jpg,,,,,,USD
"Lenovo Legion 5 15.6"" Full HD Gaming Notebook Computer, Intel Core i7-10750H 2.6GHz, 16GB RAM, 256GB SSD, NVIDIA GeForce GTX 1660 Ti 6GB, Windows 10 Home, Phantom Black",https://m.media-amazon.com/images/I/61k1J60jw9L._AC_UY218_.jpg,4.7,5.0,,,,USD
Lenovo Legion 5 Y550 17.3-in i7 16GB DD4 512GB SSD GTX1660Ti 6GB Phantom Black,https://m.media-amazon.com/images/I/711khQpzk3L._AC_UY218_.jpg,,,,,,USD
"2019 Lenovo Ideapad L340 Gaming Laptop, 15.6"" FHD IPS Display, 9th Gen Intel 4-Core i5-9300H Upto 4.1GHz, 8GB RAM, 256GB SSD, NVIDIA GeForce GTX 1650 4GB, Backlit Keyboard, USB-C, Windows 10",https://m.media-amazon.com/images/I/61tsOg0tTlL._AC_UY218_.jpg,4.6,96.0,679.99,679.99,679.99,USD
"New Replacement Lenovo 230W AC Adapter Fit for Lenovo Legion 5 Charger, Lenovo Legion 5 5P 5i Y540 Y545 Y740 Y730 Gaming Laptop 4X20E75111 ADL230NDC3A ADL230NLC3A Laptop Adapter Power Supply Cord",https://m.media-amazon.com/images/I/61yo-954vIL._AC_UY218_.jpg,,,68.99,68.99,68.99,USD
"Lenovo Legion 7 Gen 6 Laptop, 16"" WQXGA IPS 165Hz 500nits 100% sRGB Display, AMD 8-Core Ryzen 7 5800H (Beats i7-10750H), GeForce RTX 3070 (140W), RGB Backlit, Wi-Fi 6, 32GB RAM 2TB SSD, w/Accessories",https://m.media-amazon.com/images/I/61B4gCZQabL._AC_UY218_.jpg,4.5,8.0,2286.57,2286.57,2286.57,USD
"Lenovo - Legion 5i - Gaming - 17.3"" FHD 144Hz - Intel Core i7-10750H - 16GB DDR4 RAM - 1TB SSD + 1TB HDD - NVIDIA GeForce RTX 2060 Graphics - Windows 10 Home - Phantom Black",https://m.media-amazon.com/images/I/71EgxdXTgKL._AC_UY218_.jpg,3.5,3.0,1539.99,1539.99,1539.99,USD
"2020 Newest Lenovo Legion 5i Gaming Laptop, 17.3"" Full HD IPS Screen, 10th Gen Intel Core i7-10750H Processor, NVIDIA GeForce GTX 1650 Ti, 8GB RAM, 512GB PCIe NVMe SSD, Backlit Keyboard, Windows 10",https://m.media-amazon.com/images/I/612UDeR5tzL._AC_UY218_.jpg,4.1,6.0,,,,USD
"Lenovo Legion 5 Gaming Laptop, 15.6"" FHD Display, AMD Ryzen 7 5800H, 16GB RAM, 512GB Storage, Windows 11 Home, Phantom Blue with Microsoft 365 Family | 15-Month Subscription | PC Download",https://m.media-amazon.com/images/I/61FNeEC24nL._AC_UY218_.jpg,,,1189.98,1189.98,1189.98,USD
"2020 Lenovo Legion 7i Gaming Laptop: Core i7-10750H, NVidia RTX 2070, 15.6"" Full HD 144Hz 500nits HDR400 Display, 16GB RAM, 512GB SSD",https://m.media-amazon.com/images/I/51bCcjOoIEL._AC_UY218_.jpg,4.1,22.0,1759.99,1759.99,1759.99,USD
"Lenovo Legion 5 Full HD 120Hz Gaming Notebook Computer, Intel Core i7-10750H 2.60GHz, 8GB RAM, 256GB SSD + 1TB HDD, NVIDIA GeForce GTX 1650 4GB, Windows 10 Home, Phantom Black",https://m.media-amazon.com/images/I/61IjXUVEhvL._AC_UY218_.jpg,5.0,1.0,,,,USD
"Lenovo Legion 5 Gaming Laptop | 15.6"" 240Hz IPS FHD Display | NVIDIA GeForce RTX 2060 192 Bit | Intel 6-Core i7-10750H | 16GB RAM 512GB SSD + 1TB HDD | WiFi6 | HDMI 2.0 | Backlit Keyboard | Win11 Pro",https://m.media-amazon.com/images/I/612Ma4ENWFL._AC_UY218_.jpg,,,,,,USD
"Lenovo Legion 5 Gaming Laptop, 15.6"" FHD 120Hz IPS Display, i7-10750H, GTX 1660Ti, 32GB RAM, 1TB SSD + 2TB HDD, Backlit Keyboard, Webcam, VR Ready, WiFi + Bluetooth, Win 10 Home, Black",https://m.media-amazon.com/images/I/61EPO73IlfL._AC_UY218_.jpg,4.7,7.0,,,,USD
"Lenovo Legion 5 15.6"" FHD VR Ready Gaming Laptop, IPS, i7-10750H, USB-C, HDMI, WiFi 6, Webcam, Backlit Keyboard, Bluetooth, NVIDIA GeForce GTX 1660 Ti, Win 10, Black (16GB RAM | 1TB PCIe SSD)",https://m.media-amazon.com/images/I/61FN02TOt5L._AC_UY218_.jpg,,,,,,USD
"2022 Flagship Lenovo IdeaPad 3 Laptop, 15.6"" HD Touchscreen, Intel Dual Core i3-1115G4 (Upto 4.1GHz,Beats i5-1030G7), 12GB RAM, 256GB SSD, UHD Graphics, HD Webcam, 7+ Hours, Win 11 S +HubxcelAccessory",https://m.media-amazon.com/images/I/81rshmF0D3L._AC_UY218_.jpg,,,499.0,499.0,499.0,USD
Mackertop 230W Laptop Charger for Lenovo IdeaPad Legion 5 5P Y540 Y545 Y740 Y730 Y900 Y910 Y920 Thinkpad P73 P53 P72 P52 P71 P51 P70 Y910 Yoga A940 ADL230NLC3A ADL230NDC3A Power Supply Cord Slim Tip,https://m.media-amazon.com/images/I/61jBxEuNYwS._AC_UY218_.jpg,,,79.99,79.99,79.99,USD
"2022 Lenovo Legion 5 Gaming 15.6"" FHD 165Hz Laptop Computer, AMD R7-5800H (Beats i7-10750H), 32GB RAM, 1TB PCIe SSD, Backlit Keyboard, GeForce RTX 3060 Graphics, HD Webcam, Win 11, 32GB USB Card",https://m.media-amazon.com/images/I/519UGJWC9LL._AC_UL320_.jpg,4.6,2143.0,1649.0,1649.0,1649.0,USD
"Lenovo IdeaPad3 15.6"" FHD IPS Touchscreen Laptop | 8-Core AMD Ryzen 7 5700U | 32GB RAM | 1TB SSD | Backlit Keyboard | AMD Radeon Graphics | Webcam | Dolby Audio | Windows 11 | TF",https://m.media-amazon.com/images/I/719Q0QSOBYL._AC_UL320_.jpg,4.3,200.0,959.0,959.0,959.0,USD
"2022 Powerful Lenovo IdeaPad 15.6"" HD Touch Screen Laptop, 11th Gen Intel Core i3-1115G4 up to 4.1GHz, 8GB RAM, 256GB PCIe SSD, Dolby Audio, Webcam, Windows 11, Grey, T.F. Card",https://m.media-amazon.com/images/I/61DrCbSkM4L._AC_UL320_.jpg,4.6,123.0,499.0,499.0,499.0,USD
"[Windows 11] Lenovo IdeaPad 3 17 17.3"" FHD 300nits Laptop Computer, Intel Quard-Core i7-1165G7 up to 4.7GHz, 8GB DDR4 RAM, 256GB PCIe SSD, WiFi 6, Bluetooth 5.1, Webcam, Arctic Grey, 64GB Flash Drive",https://m.media-amazon.com/images/I/8143CMFHm0L._AC_UL320_.jpg,4.4,113.0,749.0,749.0,749.0,USD
"2022 Lenovo IdeaPad 3 15.6"" FHD Laptop AMD 6-Core Ryzen 5 5500U (Beat i5-1135G7) Radeon 7 Graphics 8GB RAM DDR4 256GB M.2 NVMe SSD HDMI WIFI AC BT5.0 Webcam USB C Sand Windows 10 Pro w/ RE Accessories",https://m.media-amazon.com/images/I/71axg0pHX1S._AC_UL320_.jpg,4.0,101.0,,,,USD
"Dell XPS 17 9710, 17 inch FHD+ Laptop - Intel Core i7-11800H,16GB DDR4 RAM, 1TB SSD, NVIDIA GeForce RTX 3050 4GB GDDR6, Windows 11  Home + 1  Year Premium Support  - Platinum Silver",https://m.media-amazon.com/images/I/71c3q3CQItL._AC_UL640_QL65_.jpg,3.8,38.0,,,,USD
"Lenovo IdeaPad 1 Laptop, 14.0"" HD Display, Intel Celeron N4020, 4GB RAM, 64GB Storage, Intel UHD Graphics 600, Windows 11 in S Mode, Ice Blue",https://m.media-amazon.com/images/I/71hhgeQCrOL._AC_UL640_QL65_.jpg,4.3,803.0,264.0,264.0,264.0,USD
Crucial P2 500GB 3D NAND NVMe PCIe M.2 SSD Up to 2400MB/s - CT500P2SSD8,https://m.media-amazon.com/images/I/61eqMCabEyL._AC_UY218_.jpg,4.7,23940.0,55.99,55.99,55.99,USD
"Packard Bell AirFrame 24 inch Ultra Slim Bezel Desktop Monitor, FHD 1920 x 1080p, 60 Hertz, 5 Milliseconds, VESA Mounting, Tilt Adjustment, HDMI and VGA for Home and Office Use",https://m.media-amazon.com/images/I/81oGVwQMXXL._AC_UY218_.jpg,4.3,183.0,159.99,159.99,159.99,USD
"Lenovo Legion 5 Gaming Laptop, 15.6"" FHD 120Hz IPS Display, i7-10750H, GTX 1660Ti, 64GB RAM, 1TB SSD, Backlit Keyboard, Webcam, VR Ready, WiFi + Bluetooth, Win 10 Home, Black",https://m.media-amazon.com/images/I/61EPO73IlfL._AC_UY218_.jpg,5.0,1.0,,,,USD
"Lenovo Legion 5 Gaming Laptop, 15.6"" FHD 120Hz IPS Display, i7-10750H, GTX 1660Ti, 32GB RAM, 1TB SSD + 1TB HDD, Backlit Keyboard, Webcam, VR Ready, WiFi + Bluetooth, Win 10 Home, Black",https://m.media-amazon.com/images/I/61EPO73IlfL._AC_UY218_.jpg,,,,,,USD
"2022 Lenovo Legion 5 15.6"" FHD 1080p IPS 240Hz Gaming Laptop (Intel Core i7-10750H, 16GB DDR4 RAM, 512GB SSD + 1TB HDD, GeForce RTX 2060) Wi-Fi 6, Backlit, Windows 10, IST HDMI Cable",https://m.media-amazon.com/images/I/61ujNyPV62L._AC_UY218_.jpg,4.4,36.0,,,,USD
"2019 Lenovo Legion Y540 15.6 FHD Gaming Laptop Computer, 9th Gen Intel Hexa-Core i7-9750H Up to 4.5GHz, 24GB RAM, 1TB HDD + 512GB SSD, GeForce GTX 1650 4GB, WiFi, Windows 10 Home (Renewed)",https://m.media-amazon.com/images/I/61gUmpcpOdL._AC_UY218_.jpg,,,1051.0,1051.0,1051.0,USD
"Lenovo IdeaPad Gaming 3 15.6"" 120Hz Gaming Laptop AMD Ryzen 5-5600H 8GB RAM 512GB SSD RTX 3060 6GB GDDR6 Shadow Black",https://m.media-amazon.com/images/I/41yIgHqL3cL._AC_UY218_.jpg,4.6,15.0,1079.97,1079.97,1079.97,USD
"Lenovo Legion Y740 17.3-inch FHD 1TB SSD 2.6GHz i7 Gaming Laptop (16GB RAM, 6-Core i7-9750H, GeForce RTX 2080, RGB Backlit Keyboard, HDMI, USB-C, Windows 10 Home) Black, 81UJ0001US",https://m.media-amazon.com/images/I/61NWb1-aggL._AC_UY218_.jpg,,,,,,USD
"Lenovo Legion Y740 Gaming Laptop, 17.3"" Full HD IPS 144Hz Screen, Intel Core i7-9750H, NVIDIA GeForce GTX 1660 Ti, 16GB RAM, 256GB SSD + 1TB HDD, RGB Backlit Keyboard, Windows 10 Home, Black (15.6"")",https://m.media-amazon.com/images/I/61zG8BvEihL._AC_UY218_.jpg,5.0,5.0,,,,USD
"Lenovo Legion 5 17.3"" FHD (1920 x 1080) Laptop, AMD Ryzen 5 5600H up to 3.3 GHz, NVIDIA GeForce RTX Graphics, 8GB RAM, 256 GB SSD, Webcam, Win 11 Home, Granite Black, EAT Mouse Pad",https://m.media-amazon.com/images/I/61JnQ2THxOL._AC_UY218_.jpg,4.0,1.0,769.99,769.99,769.99,USD
"Lenovo Legion 5 Gaming Laptop, 17.3"" FHD IPS 144Hz, AMD Ryzen 5 5600H (Beats i7-10750H), 4.2GHz, GeForce RTX 3060(130W), Wi-Fi 6, Webcam, Backlit KB, USB-C, w/Accessories (32GB RAM | 1TB PCIe SSD)",https://m.media-amazon.com/images/I/51JCZ51rVbL._AC_UY218_.jpg,5.0,1.0,1309.0,1309.0,1309.0,USD
170W Charger Fit for Lenovo Legion 5-15 5P-15 S7-15 Gaming Laptop ThinkPad Thunderbolt 3 Dock Gen 2 135W (40AN0135US) 170 Watt AC Power Adapter Supply Cord,https://m.media-amazon.com/images/I/61v4XlbTtKL._AC_UY218_.jpg,,,43.99,43.99,43.99,USD
"2019 Lenovo Legion Y545 15.6"" FHD Gaming Laptop Computer, 9th Gen Intel Hexa-Core i7-9750H Up to 4.5GHz, 16GB DDR4 RAM, 1TB HDD + 512GB PCIE SSD, GeForce GTX 1660 Ti 6GB GDDR6, Windows 10",https://m.media-amazon.com/images/I/31RI4CY3saS._AC_UY218_.jpg,4.4,33.0,1199.99,1199.99,1199.99,USD
"2021 Lenovo Legion 5 15.6"" FHD 120Hz IPS Gaming Laptop AMD Ryzen 5 4600H 6 Cores 4GB Nvidia GTX 1650 Ti 32GB RAM DDR4 1TB M.2 SSD WiFi 6 RJ-45 Windows 10 Home w/ Ontrend 32GB USB Drive",https://m.media-amazon.com/images/I/61KXOGhT8DS._AC_UY218_.jpg,,,,,,USD
"Lenovo Legion 5 15.6"" FHD VR Ready Gaming Laptop, IPS, i7-10750H, USB-C, HDMI, WiFi 6, Webcam, Backlit Keyboard, Bluetooth, NVIDIA GeForce GTX 1660 Ti, Win 10, Black (32GB RAM | 512GB PCIe SSD)",https://m.media-amazon.com/images/I/61FN02TOt5L._AC_UY218_.jpg,,,1059.9,1059.9,1059.9,USD
"Lenovo Legion 5 15.6"" FHD VR Ready Gaming Laptop, IPS, i7-10750H, USB-C, HDMI, WiFi 6, Webcam, Backlit Keyboard, Bluetooth, NVIDIA GeForce GTX 1660 Ti, Win 10, Black (8GB RAM | 512GB PCIe SSD)",https://m.media-amazon.com/images/I/61FN02TOt5L._AC_UY218_.jpg,4.1,7.0,938.9,938.9,938.9,USD
"Lenovo Legion Y750-15IMH 81YT0007US 15.6"" Gaming Notebook - Full HD - 1920 x 1080 - Intel Core i7 (10th Gen) i7-10750H Hexa-core (6 Core) 2.60 GHz - 16 GB RAM - 512 GB SSD - Windows 10 Home - NVI",https://m.media-amazon.com/images/I/51lAa-62OdL._AC_UY218_.jpg,,,1799.0,1799.0,1799.0,USD
"Lenovo Legion Ultimate Gaming Laptop, 17.3"" FHD IPS 144Hz Display, GeForce RTX 2080 Max-Q, 6-Core Intel i7-9750H, 32GB DDR4 RAM, 1TB PCIe SSD, 2TB HDD, RGB Backlit Keyboard, Killer Wi-Fi, Windows 10",https://m.media-amazon.com/images/I/61Sdkc4PghS._AC_UY218_.jpg,5.0,3.0,1899.0,1899.0,1899.0,USD
"Lenovo Legion 7i Gaming Laptop, 15.6"" Full HD 240Hz Screen, Intel Core i7-10750H 6-Core Processor, NVIDIA GeForce RTX 2070 Graphics, 16GB RAM, 1TB PCIe NVMe SSD, RGB Backlit Keyboard, Windows 10 Home",https://m.media-amazon.com/images/I/61RAEwYlbES._AC_UY218_.jpg,,,,,,USD
"Lenovo Legion 5i Gaming Laptop with 17.3"" FHD IPS 144Hz Display, i7-10750H Processor, GeForce RTX 2060 6GB, 16GB, 1TB SSD, Win 10 Home",https://m.media-amazon.com/images/I/61mSfInZauL._AC_UY218_.jpg,3.8,4.0,,,,USD
"230 Watt Charger Fit for Lenovo Legion 5 Charger 230w, Lenovo Ideapad Legion Y540-15 Y545 5-15 5i 5P 5-Pro-16 Y920 Y910 Y900 Y740 Y730 Y7000 Lenovo 230W AC Adapter 4X20E75111 Power Supply Cord",https://m.media-amazon.com/images/I/61yo-954vIL._AC_UY218_.jpg,3.7,22.0,70.99,70.99,70.99,USD
"Lenovo Legion 5 Pro Gen 6 AMD Gaming Laptop, 16.0"" QHD IPS 165Hz, Ryzen 7 5800H, GeForce RTX 3060 6GB, TGP 130W, Win 10 Home, 32GB RAM | 1TB PCIe SSD,HDMI Cable Bundle",https://m.media-amazon.com/images/I/51AcvnP+Q2S._AC_UY218_.jpg,5.0,2.0,1579.99,1579.99,1579.99,USD
"Lenovo IdeaPad 3 Laptop, 14.0"" FHD Display, AMD Ryzen 5 5500U, 8GB RAM, 256GB Storage, AMD Radeon 7 Graphics, Windows 11 Home, Abyss Blue",https://m.media-amazon.com/images/I/71eLIuDmIgL._AC_UL640_QL65_.jpg,4.6,972.0,479.0,479.0,479.0,USD
"TECLAST F15S Laptop Computer 15.6 Inch, Intel N4020 Quad Core Windows 10 Laptop(Windows 11 Free Upgrade), 6GB RAM 128GB SSD Business Notebook PC, 1920x1080 IPS Display, WiFi, Bluetooth, Numpad, HDMI",https://m.media-amazon.com/images/I/61V8PkpebqL._AC_UL640_QL65_.jpg,4.0,104.0,289.99,289.99,289.99,USD
